[
    {
        "id": 0,
        "folderid": 0,
        "title": "Sensors project",
        "preview": "Lots of work to do here",
        "due": "2021-06-11",
        "reminder": "",
        "created": "",
        "category": "Assignment",
        "priority": 1,
        "status": "",
        "notes": "",
        "link": ""
    },
    {
        "id": 1,
        "folderid": 0,
        "title": "Logic gates questions 3.3 3.4",
        "preview": "",
        "due": "2021-01-27",
        "reminder": "",
        "created": "",
        "category": "Homework",
        "priority": 1,
        "status": "",
        "notes": ""
    },
    {
        "id": 2,
        "folderid": 0,
        "title": "Logic gates questions set 1",
        "preview": "Complete questions 1,2,3 from chapter 99",
        "due": "2021-01-15",
        "reminder": "",
        "created": "",
        "category": "Homework",
        "priority": 1,
        "status": "",
        "notes": ""
    },
    {
        "id": 3,
        "folderid": 0,
        "title": "Unit 2 test",
        "preview": "",
        "due": "2021-01-08",
        "reminder": "",
        "created": "",
        "category": "Test",
        "priority": 1,
        "status": "",
        "notes": "Scheduled for in our lesson on Friday 8 January. I've reattached the past paper questions for your review, and this time included the mark schemes."
    },
    {
        "id": 4,
        "folderid": 0,
        "title": "Theme park scenario",
        "preview": "Complete questions 1,2,3 from chapter 99",
        "due": "2020-12-09",
        "reminder": "",
        "created": "",
        "category": "Assignment",
        "priority": 1,
        "status": "",
        "notes": "With reference to lesson 11 notes of Computational Thinking, analyse the pre-release and \n1. Draw a structure diagram for it\n2. Write pseudo code or a flowchart for one of the sub-tasks you identify.\n3. You do **NOT** need to write any programming for this scenario at this time."
    },
    {
        "id": 5,
        "folderid": 0,
        "title": "Validation algorithm (isbn/luhn/hkid)",
        "preview": "Complete questions 1,2,3 from chapter 99",
        "due": "2020-12-01",
        "reminder": "",
        "created": "",
        "category": "Homework",
        "priority": 1,
        "status": "",
        "notes": "With the return to zoom lessons, I'm going to restore the practice of regular submission of class work to Classroom so I can see what you are able to get accomplished each lesson. Please upload your progress on your isbn/credit card/hkid validation algorithm here. It doesn't matter if it is incomplete, it just helps me keep track of where everyone is at. Thank you."
    }
]
